"Txhash","Blockno","UnixTimestamp","DateTime","From","To","Token_ID","Method"
"0x7f578bc1899db3be84046d9ed14d0a2482de49e705f697eced6e4a8c53ec0030","10132810","1644314575","2022-02-08 10:02:55","0x0000000000000000000000000000000000000000","0xdb0e11f8278ca8eaf99f90f998647d409f2c7431","1", "0x60806040"
"0x7f578bc1899db3be84046d9ed14d0a2482de49e705f697eced6e4a8c53ec0030","10132810","1644314575","2022-02-08 10:02:55","0x0000000000000000000000000000000000000000","0xdb0e11f8278ca8eaf99f90f998647d409f2c7431","2", "0x60806040"
"0x7f578bc1899db3be84046d9ed14d0a2482de49e705f697eced6e4a8c53ec0030","10132810","1644314575","2022-02-08 10:02:55","0x0000000000000000000000000000000000000000","0xdb0e11f8278ca8eaf99f90f998647d409f2c7431","3", "0x60806040"
"0x7f578bc1899db3be84046d9ed14d0a2482de49e705f697eced6e4a8c53ec0030","10132810","1644314575","2022-02-08 10:02:55","0x0000000000000000000000000000000000000000","0xdb0e11f8278ca8eaf99f90f998647d409f2c7431","4", "0x60806040"
"0x7f578bc1899db3be84046d9ed14d0a2482de49e705f697eced6e4a8c53ec0030","10132810","1644314575","2022-02-08 10:02:55","0x0000000000000000000000000000000000000000","0xdb0e11f8278ca8eaf99f90f998647d409f2c7431","5", "0x60806040"
"0x7f578bc1899db3be84046d9ed14d0a2482de49e705f697eced6e4a8c53ec0030","10132810","1644314575","2022-02-08 10:02:55","0x0000000000000000000000000000000000000000","0xdb0e11f8278ca8eaf99f90f998647d409f2c7431","6", "0x60806040"
"0x7f578bc1899db3be84046d9ed14d0a2482de49e705f697eced6e4a8c53ec0030","10132810","1644314575","2022-02-08 10:02:55","0x0000000000000000000000000000000000000000","0xdb0e11f8278ca8eaf99f90f998647d409f2c7431","7", "0x60806040"
"0x7f578bc1899db3be84046d9ed14d0a2482de49e705f697eced6e4a8c53ec0030","10132810","1644314575","2022-02-08 10:02:55","0x0000000000000000000000000000000000000000","0xdb0e11f8278ca8eaf99f90f998647d409f2c7431","8", "0x60806040"
"0x7f578bc1899db3be84046d9ed14d0a2482de49e705f697eced6e4a8c53ec0030","10132810","1644314575","2022-02-08 10:02:55","0x0000000000000000000000000000000000000000","0xdb0e11f8278ca8eaf99f90f998647d409f2c7431","9", "0x60806040"
"0x7f578bc1899db3be84046d9ed14d0a2482de49e705f697eced6e4a8c53ec0030","10132810","1644314575","2022-02-08 10:02:55","0x0000000000000000000000000000000000000000","0xdb0e11f8278ca8eaf99f90f998647d409f2c7431","10", "0x60806040"
"0x7f578bc1899db3be84046d9ed14d0a2482de49e705f697eced6e4a8c53ec0030","10132810","1644314575","2022-02-08 10:02:55","0x0000000000000000000000000000000000000000","0xdb0e11f8278ca8eaf99f90f998647d409f2c7431","11", "0x60806040"
"0x7f578bc1899db3be84046d9ed14d0a2482de49e705f697eced6e4a8c53ec0030","10132810","1644314575","2022-02-08 10:02:55","0x0000000000000000000000000000000000000000","0xdb0e11f8278ca8eaf99f90f998647d409f2c7431","12", "0x60806040"
"0x7f578bc1899db3be84046d9ed14d0a2482de49e705f697eced6e4a8c53ec0030","10132810","1644314575","2022-02-08 10:02:55","0x0000000000000000000000000000000000000000","0xdb0e11f8278ca8eaf99f90f998647d409f2c7431","13", "0x60806040"
"0x7f578bc1899db3be84046d9ed14d0a2482de49e705f697eced6e4a8c53ec0030","10132810","1644314575","2022-02-08 10:02:55","0x0000000000000000000000000000000000000000","0xdb0e11f8278ca8eaf99f90f998647d409f2c7431","14", "0x60806040"
"0x7f578bc1899db3be84046d9ed14d0a2482de49e705f697eced6e4a8c53ec0030","10132810","1644314575","2022-02-08 10:02:55","0x0000000000000000000000000000000000000000","0xdb0e11f8278ca8eaf99f90f998647d409f2c7431","15", "0x60806040"
"0x7f578bc1899db3be84046d9ed14d0a2482de49e705f697eced6e4a8c53ec0030","10132810","1644314575","2022-02-08 10:02:55","0x0000000000000000000000000000000000000000","0xdb0e11f8278ca8eaf99f90f998647d409f2c7431","16", "0x60806040"
"0x7f578bc1899db3be84046d9ed14d0a2482de49e705f697eced6e4a8c53ec0030","10132810","1644314575","2022-02-08 10:02:55","0x0000000000000000000000000000000000000000","0xdb0e11f8278ca8eaf99f90f998647d409f2c7431","17", "0x60806040"
"0x7f578bc1899db3be84046d9ed14d0a2482de49e705f697eced6e4a8c53ec0030","10132810","1644314575","2022-02-08 10:02:55","0x0000000000000000000000000000000000000000","0xdb0e11f8278ca8eaf99f90f998647d409f2c7431","18", "0x60806040"
"0x7f578bc1899db3be84046d9ed14d0a2482de49e705f697eced6e4a8c53ec0030","10132810","1644314575","2022-02-08 10:02:55","0x0000000000000000000000000000000000000000","0xdb0e11f8278ca8eaf99f90f998647d409f2c7431","19", "0x60806040"
"0x7f578bc1899db3be84046d9ed14d0a2482de49e705f697eced6e4a8c53ec0030","10132810","1644314575","2022-02-08 10:02:55","0x0000000000000000000000000000000000000000","0xdb0e11f8278ca8eaf99f90f998647d409f2c7431","20", "0x60806040"
